timestamp,ticker,close
2026-10-07 12:07,VIC,227100.0
2026-10-07 12:07,VHM,68100.0
2026-10-07 12:07,VCB,57000.0
2026-10-07 12:07,BID,34350.0
2026-10-07 12:07,TCB,31900.0
2026-10-07 12:07,CTG,29450.0
2026-10-07 12:07,VPB,23000.0
2026-10-07 12:07,GAS,78900.0
2026-10-07 12:07,MCH,141100.0
2026-10-07 12:07,MBB,19100.0
2026-10-07 12:07,HPG,20350.0
2026-10-07 12:07,BSR,31200.0
2026-10-07 12:07,VPL,79600.0
2026-10-07 12:07,ACV,39300.0
2026-10-07 12:07,HDB,27900.0
2026-10-07 12:07,GVR,33600.0
2026-10-07 12:07,LPB,42900.0
2026-10-07 12:07,STB,67500.0
2026-10-07 12:07,ACB,20550.0
2026-10-07 12:07,VNM,58300.0
2026-10-07 12:07,FPT,60200.0
2026-10-07 12:07,MSN,73300.0
2026-10-07 12:07,MWG,76100.0
2026-10-07 12:07,VJC,127700.0
2026-10-07 12:07,DMX,76000.0
2026-10-07 12:07,TCX,28000.0
2026-10-07 12:07,MVN,70700.0
2026-10-07 12:07,KSF,75900.0
2026-10-07 12:07,VCK,27700.0
2026-10-07 12:07,MSR,65500.0
2026-10-07 12:07,HVN,20050.0
2026-10-07 12:07,SSB,17650.0
2026-10-07 12:07,SHB,10750.0
2026-10-07 12:07,SSI,19700.0
2026-10-07 12:07,BVH,78000.0
2026-10-07 12:07,SAB,42500.0
2026-10-07 12:07,VRE,23350.0
2026-10-07 12:07,MSB,14650.0
2026-10-07 12:07,VIB,13600.0
2026-10-07 12:07,VEA,37400.0
2026-10-07 12:07,NVB,16100.0
2026-10-07 12:07,PLX,35850.0
2026-10-07 12:07,GEE,70000.0
2026-10-07 12:07,VPX,23200.0
2026-10-07 12:07,FOX,58100.0
2026-10-07 12:07,THD,93500.0
2026-10-07 12:07,BCM,37550.0
2026-10-07 12:07,POW,12600.0
2026-10-07 12:07,TPB,11700.0
2026-10-07 12:07,NVL,10400.0
2026-10-07 12:07,KSV,121000.0
2026-10-07 12:07,HCM,23300.0
2026-10-07 12:07,OCB,9980.0
2026-10-07 12:07,EIB,16400.0
2026-10-07 12:07,VIX,11850.0
2026-10-07 12:07,GEX,22850.0
2026-10-07 12:07,REE,45450.0
2026-10-07 12:07,ABB,17600.0
2026-10-07 12:07,NAB,12700.0
2026-10-07 12:07,FRT,146900.0
2026-10-07 12:07,PGV,21100.0
2026-10-07 12:07,GEL,28100.0
2026-10-07 12:07,KBC,25200.0
2026-10-07 12:07,GMD,54200.0
2026-10-07 12:07,VCI,19250.0
2026-10-07 12:07,SBT,22800.0
2026-10-07 12:07,VND,13650.0
2026-10-07 12:07,PVS,33600.0
2026-10-07 12:07,VPI,58500.0
2026-10-07 12:07,VGC,45300.0
2026-10-07 12:07,QNS,52800.0
2026-10-07 12:07,HAG,14450.0
2026-10-07 12:07,DCM,33650.0
2026-10-07 12:07,PVI,65200.0
2026-10-07 12:07,VBB,12800.0
2026-10-07 12:07,PVD,18500.0
2026-10-07 12:07,PHP,51000.0
2026-10-07 12:07,IDP,260000.0
2026-10-07 12:07,CRV,22700.0
2026-10-07 12:07,SJS,51900.0
2026-10-07 12:07,KDH,13600.0
2026-10-07 12:07,MBS,15200.0
2026-10-07 12:07,DPM,21650.0
2026-10-07 12:07,IDC,34000.0
2026-10-07 12:07,KDC,50700.0
2026-10-07 12:07,DGC,33200.0
2026-10-07 12:07,VSF,25600.0
2026-10-07 12:07,HUT,11700.0
2026-10-07 12:07,DXG,9760.0
2026-10-07 12:07,PVT,24900.0
2026-10-07 12:07,BAB,10800.0
2026-10-07 12:07,VCR,58000.0
2026-10-07 12:07,SIP,48300.0
2026-10-07 12:07,DHG,89400.0
2026-10-07 12:07,BMP,143300.0
2026-10-07 12:07,TAL,22600.0
2026-10-07 12:07,SHS,12800.0
2026-10-07 12:07,BAF,30800.0
2026-10-07 12:07,PDR,11000.0
2026-10-07 12:07,PNJ,19100.0
2026-10-07 12:07,TCH,10850.0
2026-10-07 12:07,NTP,52000.0
2026-10-07 12:07,DGW,47700.0
2026-10-07 12:07,VHC,49650.0
2026-10-07 12:07,NLG,21600.0
2026-10-07 12:07,VGR,125800.0
2026-10-07 12:07,VTP,49650.0
2026-10-07 12:07,BWE,40050.0
2026-10-07 12:07,F88,47000.0
2026-10-07 12:07,HAH,51900.0
2026-10-07 12:07,VSH,41000.0
2026-10-07 12:07,VCG,13600.0
2026-10-07 12:07,DSE,21650.0
2026-10-07 12:07,AIG,48000.0
2026-10-07 12:07,CTR,69400.0
2026-10-07 12:07,EVF,11350.0
2026-10-07 12:07,KLB,11300.0
2026-10-07 12:07,SJG,20500.0
2026-10-07 12:07,ORS,13250.0
2026-10-07 12:07,VAB,8970.0
2026-10-07 12:07,HSG,9990.0
2026-10-07 12:07,PC1,19400.0
2026-10-07 12:07,PHR,33250.0
2026-10-07 12:07,PET,51100.0
2026-10-07 12:07,CII,12150.0
2026-10-07 12:07,VCF,287600.0
2026-10-07 12:07,DIG,9230.0
2026-10-07 12:07,HPA,26250.0
2026-10-07 12:07,TDM,59800.0
2026-10-07 12:07,DTK,10500.0
2026-10-07 12:07,FTS,18150.0
2026-10-07 12:07,BSI,24750.0
2026-10-07 12:07,DBC,15200.0
2026-10-07 12:07,CTD,60500.0
2026-10-07 12:07,NT2,22100.0
2026-10-07 12:07,CEO,10400.0
2026-10-07 12:07,TMS,33000.0
2026-10-07 12:07,BHN,27250.0
2026-10-07 12:07,HDG,14650.0
2026-10-07 12:07,VGT,11700.0
2026-10-07 12:07,PGB,9700.0
2026-10-07 12:07,IMP,36100.0
2026-10-07 12:07,MPC,13600.0
2026-10-07 12:07,SCG,65800.0
2026-10-07 12:07,CTS,19950.0
2026-10-07 12:07,TLG,54300.0
2026-10-07 12:07,HNG,5900.0
2026-10-07 12:07,HNA,21500.0
2026-10-07 12:07,DHT,53900.0
2026-10-07 12:07,HHV,8970.0
2026-10-07 12:07,VIF,15200.0
2026-10-07 12:07,CMG,20150.0
2026-10-07 12:07,VSC,13300.0
2026-10-07 12:07,QTP,10700.0
2026-10-07 12:07,SBH,40000.0
2026-10-07 12:07,VCS,29500.0
2026-10-07 12:07,PAN,18350.0
2026-10-07 12:07,NKG,9340.0
2026-10-07 12:07,PDN,86900.0
2026-10-07 12:07,ACG,31800.0
2026-10-07 12:07,HT1,12450.0
2026-10-07 12:07,HND,9100.0
2026-10-07 12:07,SAS,33700.0
2026-10-07 12:07,SCS,43200.0
2026-10-07 12:07,GEG,11650.0
2026-10-07 12:07,ANV,17150.0
2026-10-07 12:07,DBD,46450.0
2026-10-07 12:07,BIC,20100.0
2026-10-07 12:07,CHP,26500.0
2026-10-07 12:07,DHC,39550.0
2026-10-07 12:07,IJC,6480.0
2026-10-07 12:07,TID,19000.0
2026-10-07 12:07,PGS,85000.0
2026-10-07 12:07,HHS,8800.0
2026-10-07 12:07,VNR,17900.0
2026-10-07 12:07,STG,38050.0
2026-10-07 12:07,DNW,30100.0
2026-10-07 12:07,VVS,85100.0
2026-10-07 12:07,TMP,51000.0
2026-10-07 12:07,VC3,23400.0
2026-10-07 12:07,DCL,46600.0
2026-10-07 12:07,MSH,30300.0
2026-10-07 12:07,MIG,15850.0
2026-10-07 12:07,AST,62000.0
2026-10-07 12:07,DPR,37950.0
2026-10-07 12:07,TVS,13400.0
2026-10-07 12:07,BFC,59200.0
2026-10-07 12:07,NTC,131000.0
2026-10-07 12:07,LSG,34300.0
2026-10-07 12:07,SHP,31700.0
2026-10-07 12:07,DPG,26050.0
2026-10-07 12:07,PRE,29800.0
2026-10-07 12:07,DVP,76600.0
2026-10-07 12:07,IPA,12300.0
2026-10-07 12:07,TRA,36600.0
2026-10-07 12:07,SZC,16850.0
2026-10-07 12:07,PRT,9000.0
2026-10-07 12:07,KOS,11900.0
2026-10-07 12:07,PTB,29400.0
2026-10-07 12:07,NAF,47850.0
2026-10-07 12:07,MCM,26600.0
2026-10-07 12:07,TRC,24200.0
2026-10-07 12:07,DNP,20400.0
2026-10-07 12:07,AVC,39000.0
2026-10-07 12:07,CRE,6070.0
2026-10-07 12:07,TDP,28000.0
2026-10-07 12:07,DXS,4960.0
2026-10-07 12:07,AAA,7040.0
2026-10-07 12:07,PPC,8530.0
2026-10-07 12:07,QCG,9700.0
2026-10-07 12:07,AGR,11600.0
2026-10-07 12:07,DSC,9790.0
2026-10-07 12:07,VDS,9730.0
2026-10-07 12:07,BMS,12200.0
2026-10-07 12:07,CDN,25200.0
2026-10-07 12:07,VLC,11400.0
2026-10-07 12:07,SAM,6130.0
2026-10-07 12:07,SHI,14000.0
2026-10-07 12:07,PVP,24650.0
2026-10-07 12:07,HDC,10000.0
2026-10-07 12:07,PTI,18600.0
2026-10-07 12:07,AAS,10000.0
2026-10-07 12:07,TNG,18100.0
2026-10-07 12:07,CSV,20000.0
2026-10-07 12:07,PGD,22150.0
2026-10-07 12:07,CDC,21100.0
2026-10-07 12:07,PGI,19850.0
2026-10-07 12:07,NCT,83400.0
2026-10-07 12:07,FMC,32900.0
2026-10-07 12:07,VPD,20400.0
2026-10-07 12:07,BGE,2900.0
2026-10-07 12:07,TBC,32850.0
2026-10-07 12:07,KHG,4450.0
2026-10-07 12:07,BMI,13550.0
2026-10-07 12:07,PHS,10100.0
2026-10-07 12:07,ASM,4760.0
2026-10-07 12:07,HBC,3000.0
2026-10-07 12:07,BWS,28600.0
2026-10-07 12:07,ABI,19000.0
2026-10-07 12:07,DMC,53300.0
2026-10-07 12:07,TTA,10600.0
2026-10-07 12:07,FIC,15200.0
2026-10-07 12:07,VIT,24000.0
2026-10-07 12:07,PXL,10500.0
2026-10-07 12:07,BVS,25800.0
2026-10-07 12:07,SZG,33000.0
2026-10-07 12:07,VGV,52500.0
2026-10-07 12:07,TCM,14750.0
2026-10-07 12:07,VFG,42700.0
2026-10-07 12:07,CTF,18100.0
2026-10-07 12:07,YEG,7680.0
2026-10-07 12:40,VIC,227100.0
2026-10-07 12:40,VHM,68100.0
2026-10-07 12:40,VCB,57000.0
2026-10-07 12:40,BID,34350.0
2026-10-07 12:40,TCB,31900.0
2026-10-07 12:40,CTG,29450.0
2026-10-07 12:40,VPB,23000.0
2026-10-07 12:40,GAS,78900.0
2026-10-07 12:40,MCH,141100.0
2026-10-07 12:40,MBB,19100.0
2026-10-07 12:40,HPG,20350.0
2026-10-07 12:40,BSR,31200.0
2026-10-07 12:40,VPL,79600.0
2026-10-07 12:40,ACV,39300.0
2026-10-07 12:40,HDB,27900.0
2026-10-07 12:40,GVR,33600.0
2026-10-07 12:40,LPB,42900.0
2026-10-07 12:40,STB,67500.0
2026-10-07 12:40,ACB,20550.0
2026-10-07 12:40,VNM,58300.0
2026-10-07 12:40,FPT,60200.0
2026-10-07 12:40,MSN,73300.0
2026-10-07 12:40,MWG,76100.0
2026-10-07 12:40,VJC,127700.0
2026-10-07 12:40,DMX,76000.0
2026-10-07 12:40,TCX,28000.0
2026-10-07 12:40,MVN,70700.0
2026-10-07 12:40,KSF,75900.0
2026-10-07 12:40,VCK,27700.0
2026-10-07 12:40,MSR,65500.0
2026-10-07 12:40,HVN,20050.0
2026-10-07 12:40,SSB,17650.0
2026-10-07 12:40,SHB,10750.0
2026-10-07 12:40,SSI,19700.0
2026-10-07 12:40,BVH,78000.0
2026-10-07 12:40,SAB,42500.0
2026-10-07 12:40,VRE,23350.0
2026-10-07 12:40,MSB,14650.0
2026-10-07 12:40,VIB,13600.0
2026-10-07 12:40,VEA,37400.0
2026-10-07 12:40,NVB,16100.0
2026-10-07 12:40,PLX,35850.0
2026-10-07 12:40,GEE,70000.0
2026-10-07 12:40,VPX,23200.0
2026-10-07 12:40,FOX,58100.0
2026-10-07 12:40,THD,93500.0
2026-10-07 12:40,BCM,37550.0
2026-10-07 12:40,POW,12600.0
2026-10-07 12:40,TPB,11700.0
2026-10-07 12:40,NVL,10400.0
2026-10-07 12:40,KSV,121000.0
2026-10-07 12:40,HCM,23300.0
2026-10-07 12:40,OCB,9980.0
2026-10-07 12:40,EIB,16400.0
2026-10-07 12:40,VIX,11850.0
2026-10-07 12:40,GEX,22850.0
2026-10-07 12:40,REE,45450.0
2026-10-07 12:40,ABB,17600.0
2026-10-07 12:40,NAB,12700.0
2026-10-07 12:40,FRT,146900.0
2026-10-07 12:40,PGV,21100.0
2026-10-07 12:40,GEL,28100.0
2026-10-07 12:40,KBC,25200.0
2026-10-07 12:40,GMD,54200.0
2026-10-07 12:40,VCI,19250.0
2026-10-07 12:40,SBT,22800.0
2026-10-07 12:40,VND,13650.0
2026-10-07 12:40,PVS,33600.0
2026-10-07 12:40,VPI,58500.0
2026-10-07 12:40,VGC,45300.0
2026-10-07 12:40,QNS,52800.0
2026-10-07 12:40,HAG,14450.0
2026-10-07 12:40,DCM,33650.0
2026-10-07 12:40,PVI,65200.0
2026-10-07 12:40,VBB,12800.0
2026-10-07 12:40,PVD,18500.0
2026-10-07 12:40,PHP,51000.0
2026-10-07 12:40,IDP,260000.0
2026-10-07 12:40,CRV,22700.0
2026-10-07 12:40,SJS,51900.0
2026-10-07 12:40,KDH,13600.0
2026-10-07 12:40,MBS,15200.0
2026-10-07 12:40,DPM,21650.0
2026-10-07 12:40,IDC,34000.0
2026-10-07 12:40,KDC,50700.0
2026-10-07 12:40,DGC,33200.0
2026-10-07 12:40,VSF,25600.0
2026-10-07 12:40,HUT,11700.0
2026-10-07 12:40,DXG,9760.0
2026-10-07 12:40,PVT,24900.0
2026-10-07 12:40,BAB,10800.0
2026-10-07 12:40,VCR,58000.0
2026-10-07 12:40,SIP,48300.0
2026-10-07 12:40,DHG,89400.0
2026-10-07 12:40,BMP,143300.0
2026-10-07 12:40,TAL,22600.0
2026-10-07 12:40,SHS,12800.0
2026-10-07 12:40,BAF,30800.0
2026-10-07 12:40,PDR,11000.0
2026-10-07 12:40,PNJ,19100.0
2026-10-07 12:40,TCH,10850.0
2026-10-07 12:40,NTP,52000.0
2026-10-07 12:40,DGW,47700.0
2026-10-07 12:40,VHC,49650.0
2026-10-07 12:40,NLG,21600.0
2026-10-07 12:40,VGR,125800.0
2026-10-07 12:40,VTP,49650.0
2026-10-07 12:40,BWE,40050.0
2026-10-07 12:40,F88,47000.0
2026-10-07 12:40,HAH,51900.0
2026-10-07 12:40,VSH,41000.0
2026-10-07 12:40,VCG,13600.0
2026-10-07 12:40,DSE,21650.0
2026-10-07 12:40,AIG,48000.0
2026-10-07 12:40,CTR,69400.0
2026-10-07 12:40,EVF,11350.0
2026-10-07 12:40,KLB,11300.0
2026-10-07 12:40,SJG,20500.0
2026-10-07 12:40,ORS,13250.0
2026-10-07 12:40,VAB,8970.0
2026-10-07 12:40,HSG,9990.0
2026-10-07 12:40,PC1,19400.0
2026-10-07 12:40,PHR,33250.0
2026-10-07 12:40,PET,51100.0
2026-10-07 12:40,CII,12150.0
2026-10-07 12:40,VCF,287600.0
2026-10-07 12:40,DIG,9230.0
2026-10-07 12:40,HPA,26250.0
2026-10-07 12:40,TDM,59800.0
2026-10-07 12:40,DTK,10500.0
2026-10-07 12:40,FTS,18150.0
2026-10-07 12:40,BSI,24750.0
2026-10-07 12:40,DBC,15200.0
2026-10-07 12:40,CTD,60500.0
2026-10-07 12:40,NT2,22100.0
2026-10-07 12:40,CEO,10400.0
2026-10-07 12:40,TMS,33000.0
2026-10-07 12:40,BHN,27250.0
2026-10-07 12:40,HDG,14650.0
2026-10-07 12:40,VGT,11700.0
2026-10-07 12:40,PGB,9700.0
2026-10-07 12:40,IMP,36100.0
2026-10-07 12:40,MPC,13600.0
2026-10-07 12:40,SCG,65800.0
2026-10-07 12:40,CTS,19950.0
2026-10-07 12:40,TLG,54300.0
2026-10-07 12:40,HNG,5900.0
2026-10-07 12:40,HNA,21500.0
2026-10-07 12:40,DHT,53900.0
2026-10-07 12:40,HHV,8970.0
2026-10-07 12:40,VIF,15200.0
2026-10-07 12:40,CMG,20150.0
2026-10-07 12:40,VSC,13300.0
2026-10-07 12:40,QTP,10700.0
2026-10-07 12:40,SBH,40000.0
2026-10-07 12:40,VCS,29500.0
2026-10-07 12:40,PAN,18350.0
2026-10-07 12:40,NKG,9340.0
2026-10-07 12:40,PDN,86900.0
2026-10-07 12:40,ACG,31800.0
2026-10-07 12:40,HT1,12450.0
2026-10-07 12:40,HND,9100.0
2026-10-07 12:40,SAS,33700.0
2026-10-07 12:40,SCS,43200.0
2026-10-07 12:40,GEG,11650.0
2026-10-07 12:40,ANV,17150.0
2026-10-07 12:40,DBD,46450.0
2026-10-07 12:40,BIC,20100.0
2026-10-07 12:40,CHP,26500.0
2026-10-07 12:40,DHC,39550.0
2026-10-07 12:40,IJC,6480.0
2026-10-07 12:40,TID,19000.0
2026-10-07 12:40,PGS,85000.0
2026-10-07 12:40,HHS,8800.0
2026-10-07 12:40,VNR,17900.0
2026-10-07 12:40,STG,38050.0
2026-10-07 12:40,DNW,30100.0
2026-10-07 12:40,VVS,85100.0
2026-10-07 12:40,TMP,51000.0
2026-10-07 12:40,VC3,23400.0
2026-10-07 12:40,DCL,46600.0
2026-10-07 12:40,MSH,30300.0
2026-10-07 12:40,MIG,15850.0
2026-10-07 12:40,AST,62000.0
2026-10-07 12:40,DPR,37950.0
2026-10-07 12:40,TVS,13400.0
2026-10-07 12:40,BFC,59200.0
2026-10-07 12:40,NTC,131000.0
2026-10-07 12:40,LSG,34300.0
2026-10-07 12:40,SHP,31700.0
2026-10-07 12:40,DPG,26050.0
2026-10-07 12:40,PRE,29800.0
2026-10-07 12:40,DVP,76600.0
2026-10-07 12:40,IPA,12300.0
2026-10-07 12:40,TRA,36600.0
2026-10-07 12:40,SZC,16850.0
2026-10-07 12:40,PRT,9000.0
2026-10-07 12:40,KOS,11900.0
2026-10-07 12:40,PTB,29400.0
2026-10-07 12:40,NAF,47850.0
2026-10-07 12:40,MCM,26600.0
2026-10-07 12:40,TRC,24200.0
2026-10-07 12:40,DNP,20400.0
2026-10-07 12:40,AVC,39000.0
2026-10-07 12:40,CRE,6070.0
2026-10-07 12:40,TDP,28000.0
2026-10-07 12:40,DXS,4960.0
2026-10-07 12:40,AAA,7040.0
2026-10-07 12:40,PPC,8530.0
2026-10-07 12:40,QCG,9700.0
2026-10-07 12:40,AGR,11600.0
2026-10-07 12:40,DSC,9790.0
2026-10-07 12:40,VDS,9730.0
2026-10-07 12:40,BMS,12200.0
2026-10-07 12:40,CDN,25200.0
2026-10-07 12:40,VLC,11400.0
2026-10-07 12:40,SAM,6130.0
2026-10-07 12:40,SHI,14000.0
2026-10-07 12:40,PVP,24650.0
2026-10-07 12:40,HDC,10000.0
2026-10-07 12:40,PTI,18600.0
2026-10-07 12:40,AAS,10000.0
2026-10-07 12:40,TNG,18100.0
2026-10-07 12:40,CSV,20000.0
2026-10-07 12:40,PGD,22150.0
2026-10-07 12:40,CDC,21100.0
2026-10-07 12:40,PGI,19850.0
2026-10-07 12:40,NCT,83400.0
2026-10-07 12:40,FMC,32900.0
2026-10-07 12:40,VPD,20400.0
2026-10-07 12:40,BGE,2900.0
2026-10-07 12:40,TBC,32850.0
2026-10-07 12:40,KHG,4450.0
2026-10-07 12:40,BMI,13550.0
2026-10-07 12:40,PHS,10100.0
2026-10-07 12:40,ASM,4760.0
2026-10-07 12:40,HBC,3000.0
2026-10-07 12:40,BWS,28600.0
2026-10-07 12:40,ABI,19000.0
2026-10-07 12:40,DMC,53300.0
2026-10-07 12:40,TTA,10600.0
2026-10-07 12:40,FIC,15200.0
2026-10-07 12:40,VIT,24000.0
2026-10-07 12:40,PXL,10500.0
2026-10-07 12:40,BVS,25800.0
2026-10-07 12:40,SZG,33000.0
2026-10-07 12:40,VGV,52500.0
2026-10-07 12:40,TCM,14750.0
2026-10-07 12:40,VFG,42700.0
2026-10-07 12:40,CTF,18100.0
2026-10-07 12:40,YEG,7680.0
